<application>
  <component name="FileTypeManager" version="19">
    <extensionMap>
      <mapping pattern="place-providers-here" type="AUTO_DETECTED" />
      <mapping pattern=".dockerenv" type="PLAIN_TEXT" />
      <mapping ext="cnf" type="PLAIN_TEXT" />
      <mapping ext="dmn" type="XML" />
      <removed_mapping ext="apk" approved="true" type="ARCHIVE" />
      <removed_mapping ext="pdf" approved="true" type="Native" />
      <removed_mapping ext="psd" approved="true" type="Image" />
      <removed_mapping ext="raml" approved="true" type="YAML" />
    </extensionMap>
  </component>
</application>