<application>
  <component name="FindSettings">
    <option name="caseSensitive" value="true" />
    <option name="customScope" value="Project Files" />
    <option name="defaultScopeName" value="Project Files" />
    <option name="localRegularExpressions" value="true" />
    <option name="regularExpressions" value="true" />
    <option name="CASE_SENSITIVE_SEARCH" value="true" />
    <option name="REGULAR_EXPRESSIONS" value="true" />
    <option name="LOCAL_REGULAR_EXPRESSIONS" value="true" />
    <option name="SEARCH_SCOPE" value="Project Files" />
    <mask>xml</mask>
    <mask>*.json</mask>
    <mask>*.java</mask>
    <mask>*.</mask>
    <mask>*&gt;xml</mask>
    <mask>*yml</mask>
    <mask>*yaml</mask>
  </component>
</application>