<code_scheme name="Default (1)" version="173">
  <option name="CLASS_COUNT_TO_USE_IMPORT_ON_DEMAND" value="50" />
  <option name="NAMES_COUNT_TO_USE_IMPORT_ON_DEMAND" value="50" />
  <JavaCodeStyleSettings>
    <option name="CLASS_COUNT_TO_USE_IMPORT_ON_DEMAND" value="50" />
    <option name="NAMES_COUNT_TO_USE_IMPORT_ON_DEMAND" value="50" />
  </JavaCodeStyleSettings>
  <MarkdownNavigatorCodeStyleSettings>
    <option name="RIGHT_MARGIN" value="72" />
  </MarkdownNavigatorCodeStyleSettings>
</code_scheme>