<keymap version="1" name="Default for XWin copy" parent="Default for XWin">
  <action id="Macro.cleanCode">
    <keyboard-shortcut first-keystroke="ctrl s" />
  </action>
  <action id="Macro.enhanced-save">
    <keyboard-shortcut first-keystroke="ctrl s" />
  </action>
  <action id="Macro.reformat_organize_import_and_save">
    <keyboard-shortcut first-keystroke="ctrl s" />
  </action>
  <action id="Refactorings.QuickListPopupAction">
    <mouse-shortcut keystroke="control button2" />
    <keyboard-shortcut first-keystroke="shift ctrl alt t" />
  </action>
  <action id="SaveAll" />
  <action id="SwitchApply">
    <keyboard-shortcut first-keystroke="shift alt enter" />
  </action>
  <action id="SwitchDown">
    <keyboard-shortcut first-keystroke="shift alt down" />
  </action>
  <action id="SwitchLeft">
    <keyboard-shortcut first-keystroke="shift alt left" />
  </action>
  <action id="SwitchRight">
    <keyboard-shortcut first-keystroke="shift alt right" />
  </action>
  <action id="SwitchUp">
    <keyboard-shortcut first-keystroke="shift alt up" />
  </action>
</keymap>